Summary,Issue key,Issue id,Issue Type,Status,Project key,Project name,Project type,Project lead,Project description,Project url,Priority,Resolution,Assignee,Reporter,Creator,Created,Updated,Last Viewed,Resolved,Due Date,Votes,Labels,Labels,Labels,Description,Environment,Watchers,Watchers,Original Estimate,Remaining Estimate,Time Spent,Work Ratio,Σ Original Estimate,Σ Remaining Estimate,Σ Time Spent,Security Level,Custom field (Acceptance Criteria),Custom field (Acceptance test completed),Custom field (Account Description),Custom field (Account Handle/URL Name),Custom field (Account Justification),Custom field (Account Manager),Custom field (Account Name/Title),Custom field (Account Proposed Launch Date),Custom field (Action Taken),Custom field (Action Type),Custom field (Additional/Support Software Requirements),Custom field (Administrative Officer),Custom field (Agents Installed? (CarbonBlack/ESET/Nessus)),Custom field (Aliases),Custom field (Alternate Contact),Custom field (AppScan Report),Custom field (Application Name),Custom field (Application Owner),Custom field (Application POC),Custom field (Application Purpose/Description),Custom field (Approach),Custom field (Approval of Division/Office/Center Director),Custom field (Approving Official),Custom field (Assign to),Custom field (Assign to Supervisor),Custom field (Assigned Release),Custom field (Associated Event),Custom field (Attachment Description),Custom field (BIADAC Subtask Assignees),Custom field (Back-Up Manager),Custom field (Begin Date),Custom field (Bucket ID),Custom field (Budget Amount),Custom field (Bug Import Id),Custom field (Bugzilla Id),Custom field (Business Area),Custom field (Business Owner),Custom field (Business Priority),Custom field (Business Requirements),Custom field (Business Value),Custom field (Business Value),Custom field (CBIIT Federal Sponsor),Custom field (CDISC CODELIST),Custom field (CDS Completed Date),Custom field (CPU/GPU Requirements),Custom field (Cancer Type),Custom field (Capability Purpose),Custom field (Category),Custom field (Change Type),Custom field (Changes to Milestones),Custom field (Communication Lead),Custom field (Communications Lead),Custom field (Completed Section 508 Compliance Document Attached?),Custom field (Completion Date),Custom field (Configuration Changes),Custom field (Content Topic),Custom field (Creative Owner),Custom field (Curator Priority),Custom field (Current Location),Custom field (Customer),Custom field (DESK Defect ID),Custom field (DOC Name),Custom field (DOC(s) Impacted),Custom field (Data Loader AWS Account Number),Custom field (Database Changes),Custom field (Date Section 508 Compliance Last Verified),Custom field (Date Started),Custom field (Deliverable (Other)),Custom field (Delivery Schedule),Custom field (Deployment Manager),Custom field (Developer),Custom field (Developer Point of Contact),Custom field (Development Recommendation),Custom field (Disposition),"Custom field (Division, Office or Center)",Custom field (Do you wish to model this project after an existing JIRA project?),Custom field (Documentation Completed?),Custom field (Due Date),Custom field (Epic Colour),Custom field (Epic End Date),Custom field (Epic Link),Custom field (Epic Name),Custom field (Epic Start Date),Custom field (Epic Status),Custom field (Estimated Completion Date),Custom field (Event Date),Custom field (Existing JIRA Project Name),Custom field (Existing Project Name),Custom field (Expected Output),Custom field (External IP Address(es)),Custom field (Finding Designator),Custom field (Functional Area),Custom field (GForge ID),Custom field (GForge ID (Legacy)),Custom field (Gliffy Location),Custom field (Global Rank),Custom field (Government Project Manager),Custom field (Government QA Representative),Custom field (Government Sponsor),Custom field (HTTPS/HSTS Compliant?),Custom field (How will this Server’s function be accessed?),Custom field (IC Criticality),Custom field (IRT Portal Waiver ID),Custom field (Identified in CFO Audit or other review?),Custom field (Impact/Area of Interest),Custom field (Implementation/Deployment Date),Custom field (Inputs),Custom field (Internal IP Address(es)),Custom field (Involves PII?),Custom field (Is the Site Section 508 Complaint?),"Custom field (Is there an existing design, product, or request to reference?)",Custom field (Is this Issue Type being added to an existing JIRA project?),Custom field (Is this a request to migrate an application?),Custom field (Issues),Custom field (Job Quantity),Custom field (Job Title),Custom field (Justification),Custom field (Lab Release Date),Custom field (Level of Effort (hours)),Custom field (Location),Custom field (Location of Workflow Documentation),Custom field (Media Type),Custom field (Milestone Educate),Custom field (Milestone Harden),Custom field (Milestone Mirror),Custom field (Milestone Release),Custom field (Milestone Validate),Custom field (Milestones with Completion Date),Custom field (NIDA Rank),Custom field (Name of DOC and Office),Custom field (New JIRA Project Name),Custom field (New JIRA Project Short Name (Key)),Custom field (New Workflow Description),Custom field (Next Step),Custom field (Notes),Custom field (Number of Elements Tested),Custom field (Number of Highs),Custom field (Number of Mediums),Custom field (OCEWorks Issue ID),Custom field (OMPC Branch Chief Comment),Custom field (OMPC Director Comment),Custom field (On-Hold Type),Custom field (Order),Custom field (Original Source),Custom field (Other Federal Sponsor),Custom field (Other Tier),Custom field (Outputs),Custom field (Owner),Custom field (POC),Custom field (Participants of the Issue),Custom field (Participants of the Issue),Custom field (Peer Review),Custom field (Person Affected),Custom field (Plugin Name),Custom field (Ports),Custom field (Previous Hostname),Custom field (Previous IP),Custom field (Previous URL),Custom field (Primary Contact),Custom field (Primary Use Case),Custom field (Private IP Address),Custom field (Product Name),Custom field (Project Manager Approval Date),Custom field (Project Name),Custom field (Public IP Address),Custom field (Publications),Custom field (QA Lead),Custom field (QA Priority),Custom field (QA Review date),Custom field (QA Tester),Custom field (QA Tests),Custom field (QA Verified Version),Custom field (QA/Testing Comments),Custom field (QC Comments),Custom field (QcBugId),Custom field (Rank),Custom field (Rank (Obsolete)),Custom field (Ranking),Custom field (Ranking (Obsolete)),Custom field (Related Control),Custom field (Release Priority),Custom field (Release Tag),Custom field (Release Version),Custom field (Report),Custom field (Request Level of Effort),Custom field (Request Type),Custom field (Requested Issue Type Name),Custom field (Requester),Custom field (Requesting Organization),Custom field (Requestor),Custom field (Requestor/POC),Custom field (Required Input),Custom field (Requirement Status),Custom field (Requirements),Custom field (Requirements),Custom field (Requires F5 load balancing?),Custom field (Resolution Notes),Custom field (Resources Required),Custom field (Resources Used (Other)),Custom field (Resources to Upload),Custom field (Response),Custom field (Review Completed Date),Custom field (Risk Calculated Number),Custom field (Risk Level),Custom field (Risks),Custom field (Role),Custom field (Role),Custom field (SME Point of Contact),Custom field (Scan Duration),Custom field (Scheduled Completion Date),Custom field (Scope of Transfer),Custom field (Server Hostname),Custom field (Server Hostname(s)),Custom field (Server OS Architecture),Custom field (Should this server be archived or deleted?),Custom field (Site Administrator),Custom field (Site Expiration Date),Custom field (Site Launch Date),Custom field (Site Name),Custom field (Site Shelf Life),Custom field (Site Still Required?),Custom field (Site URL),Custom field (Software Engineering Requirements),Custom field (Source Database Location),Custom field (Specify URL),Custom field (Specify URL(s)),Custom field (Stage Tester),Custom field (Stakeholder),Custom field (Start Date),Custom field (Story Points),Custom field (Study Code),Custom field (Sub Office/Program),Custom field (Submission File),Custom field (Submitter Affiliation),Custom field (Submitter Email),Custom field (Submitter Name),Custom field (Submitter Phone),Custom field (Success Criteria),Custom field (Summary Instructions),Custom field (System (FISMA) Name),Custom field (System Owner),Custom field (System Test Completed),Custom field (Tag Found),Custom field (Target Database Location),Custom field (Target LUN Name),Custom field (Targeted Release),Custom field (Task),Custom field (Task Deliverable),Custom field (Technical Project Manager),Custom field (Test Case),Custom field (Test Component),Custom field (Test Date),Custom field (Test ID),Custom field (Test Plan),Custom field (Testing Notes),Custom field (Testing Status),Custom field (The HP Proliant Service pack has been installed),Custom field (The Netbackup Client has been installed),Custom field (Third-Party Auditor Notes),Custom field (Ticket Type),Custom field (Tier (LEGACY)),Custom field (Times Reopened),Custom field (Transfer Complexity),Custom field (Transfer Planning Session Notes),Custom field (URL),Custom field (URL to Plugin Description),Custom field (Uniqueness),Custom field (Urgency),Custom field (Usability),Custom field (User Community),Custom field (User Doc Status),Custom field (VSClinical),Custom field (Variant Type),Custom field (Visual Design),Custom field (Watchers),Custom field (Watchers),Custom field (Weakness),Custom field (Weakness Severity),Custom field (What to Deploy),Custom field (When),Custom field (Who will access this Server?),Custom field (Who will manage this Server?),Custom field (Why),Custom field (Will there be supporting material provided?),Custom field (Will this Server be public facing?),Custom field (Will this Server host a local DB?),Custom field (Will this Server host a local Site?),Custom field (Workflow Location ),Custom field (dbGaP/SRA Data Submission Experience),Custom field (temp)
PMID_34242577,SPDC-425,298718,Epic,Open,SPDC,SeroNet Public Data Curation,software,hopeda,,,Major,,liualg,liualg,liualg,"Thursday, 16 Sep 2021 10:58 AM","Thursday, 16 Sep 2021 01:48 PM","Friday, 17 Sep 2021 03:01 PM",,,0,Baric,CA260543,PMID_34242577,"Title: In vitro and in vivo functions of SARS-CoV-2 infection-enhancing and neutralizing antibodies.

Journal:  Cell

[https://nih.app.box.com/folder/145741233553] ",,liualg,,,,,,,,,,,,,,,,,,,,,,,,,You must attach a clean AppScan report,,,,,,,,,,,,,,,,,,,,,,Not Determined,,,,,,,,,,,,,,,,,,,,,,,,,,,,,,,,woodpm,,,,,,,No,,ghx-label-7,,,PMID_34242577,,To Do,,,,,,,,,,,,9223372036854775807,,woodpm,,,,,,,,,,,,,,,,,,,,,,,,,,,,,,,,,,,,,,,,,,,,,,,,,,,,liualg(JIRAUSER57909),,,,,,,,,,,,,,,,,alkisbd,,,,,,,,,"1|i0dadg:",9223372036854775807,"1|i0llef:",9223372036854775807,,,,,,Pending Request [new or on hold request],,,,,,,,,,,,,,,,,,0.0,,,,,,,,,,,,,,,,,,,,,Don't Know,,,,,,,,,,,,,,,Please input the Application Name and Build Version in the Summary field.,,,,,Don't Know,,,,,,,,,,,,,,,,,,,,,,,,,,,Backlog,,,,liualg,,,,,,,,,,,,,,,
PMID_34233096,SPDC-424,298717,Epic,Open,SPDC,SeroNet Public Data Curation,software,hopeda,,,Major,,liualg,liualg,liualg,"Thursday, 16 Sep 2021 10:57 AM","Thursday, 16 Sep 2021 01:46 PM","Friday, 17 Sep 2021 03:01 PM",,,0,CA260563,PMID_34233096,Sanz,"Title: Infection and Vaccine-Induced Neutralizing-Antibody Responses to the SARS-CoV-2 B.1.617 Variants.

Journal: The New England journal of medicine

[https://nih.app.box.com/folder/145732275448] 

 ",,liualg,,,,,,,,,,,,,,,,,,,,,,,,,You must attach a clean AppScan report,,,,,,,,,,,,,,,,,,,,,,Not Determined,,,,,,,,,,,,,,,,,,,,,,,,,,,,,,,,woodpm,,,,,,,No,,ghx-label-5,,,PMID_34233096,,To Do,,,,,,,,,,,,9223372036854775807,,woodpm,,,,,,,,,,,,,,,,,,,,,,,,,,,,,,,,,,,,,,,,,,,,,,,,,,,,liualg(JIRAUSER57909),,,,,,,,,,,,,,,,,alkisbd,,,,,,,,,"1|i0dad8:",9223372036854775807,"1|i0lle7:",9223372036854775807,,,,,,Pending Request [new or on hold request],,,,,,,,,,,,,,,,,,0.0,,,,,,,,,,,,,,,,,,,,,Don't Know,,,,,,,,,,,,,,,Please input the Application Name and Build Version in the Summary field.,,,,,Don't Know,,,,,,,,,,,,,,,,,,,,,,,,,,,Backlog,,,,liualg,,,,,,,,,,,,,,,
PMID_34214046,SPDC-423,298716,Epic,Open,SPDC,SeroNet Public Data Curation,software,hopeda,,,Major,,liualg,liualg,liualg,"Thursday, 16 Sep 2021 10:55 AM","Thursday, 16 Sep 2021 01:39 PM","Friday, 17 Sep 2021 03:01 PM",,,0,Baric,CA260543,PMID_34214046,"Title:  Chimeric spike mRNA vaccines protect against Sarbecovirus challenge in mice.

Journal:  Science (New York, N.Y.)

[https://nih.app.box.com/folder/145731156600] 

 ",,liualg,,,,,,,,,,,,,,,,,,,,,,,,,You must attach a clean AppScan report,,,,,,,,,,,,,,,,,,,,,,Not Determined,,,,,,,,,,,,,,,,,,,,,,,,,,,,,,,,woodpm,,,,,,,No,,ghx-label-3,,,PMID_34214046,,To Do,,,,,,,,,,,,9223372036854775807,,woodpm,,,,,,,,,,,,,,,,,,,,,,,,,,,,,,,,,,,,,,,,,,,,,,,,,,,,liualg(JIRAUSER57909),,,,,,,,,,,,,,,,,alkisbd,,,,,,,,,"1|i0dad0:",9223372036854775807,"1|i0lldz:",9223372036854775807,,,,,,Pending Request [new or on hold request],,,,,,,,,,,,,,,,,,0.0,,,,,,,,,,,,,,,,,,,,,Don't Know,,,,,,,,,,,,,,,Please input the Application Name and Build Version in the Summary field.,,,,,Don't Know,,,,,,,,,,,,,,,,,,,,,,,,,,,Backlog,,,,liualg,,,,,,,,,,,,,,,
PMID_34161961,SPDC-422,298715,Epic,Open,SPDC,SeroNet Public Data Curation,software,hopeda,,,Major,,liualg,liualg,liualg,"Thursday, 16 Sep 2021 10:53 AM","Thursday, 16 Sep 2021 01:37 PM","Friday, 17 Sep 2021 03:01 PM",,,0,Barouch,CA260476,PMID_34161961,"Title:  Protective efficacy of Ad26.COV2.S against SARS-CoV-2 B.1.351 in macaques.

Journal:  Nature

[https://nih.app.box.com/folder/145726876344] 

 ",,liualg,,,,,,,,,,,,,,,,,,,,,,,,,You must attach a clean AppScan report,,,,,,,,,,,,,,,,,,,,,,Not Determined,,,,,,,,,,,,,,,,,,,,,,,,,,,,,,,,woodpm,,,,,,,No,,ghx-label-1,,,PMID_34161961,,To Do,,,,,,,,,,,,9223372036854775807,,woodpm,,,,,,,,,,,,,,,,,,,,,,,,,,,,,,,,,,,,,,,,,,,,,,,,,,,,liualg(JIRAUSER57909),,,,,,,,,,,,,,,,,alkisbd,,,,,,,,,"1|i0dacs:",9223372036854775807,"1|i0lldr:",9223372036854775807,,,,,,Pending Request [new or on hold request],,,,,,,,,,,,,,,,,,0.0,,,,,,,,,,,,,,,,,,,,,Don't Know,,,,,,,,,,,,,,,Please input the Application Name and Build Version in the Summary field.,,,,,Don't Know,,,,,,,,,,,,,,,,,,,,,,,,,,,Backlog,,,,liualg,,,,,,,,,,,,,,,
PMID_34107529,SPDC-421,298714,Epic,Open,SPDC,SeroNet Public Data Curation,software,hopeda,,,Major,,liualg,liualg,liualg,"Thursday, 16 Sep 2021 10:52 AM","Thursday, 16 Sep 2021 01:30 PM","Friday, 17 Sep 2021 03:01 PM",,,0,Barouch,CA260476,PMID_34107529,"Title:  Immunogenicity of Ad26.COV2.S vaccine against SARS-CoV-2 variants in humans.

Journal:  Nature

[https://nih.app.box.com/folder/145730548315] 

 ",,liualg,,,,,,,,,,,,,,,,,,,,,,,,,You must attach a clean AppScan report,,,,,,,,,,,,,,,,,,,,,,Not Determined,,,,,,,,,,,,,,,,,,,,,,,,,,,,,,,,woodpm,,,,,,,No,,ghx-label-13,,,PMID_34107529,,To Do,,,,,,,,,,,,9223372036854775807,,woodpm,,,,,,,,,,,,,,,,,,,,,,,,,,,,,,,,,,,,,,,,,,,,,,,,,,,,liualg(JIRAUSER57909),,,,,,,,,,,,,,,,,alkisbd,,,,,,,,,"1|i0dack:",9223372036854775807,"1|i0lldj:",9223372036854775807,,,,,,Pending Request [new or on hold request],,,,,,,,,,,,,,,,,,0.0,,,,,,,,,,,,,,,,,,,,,Don't Know,,,,,,,,,,,,,,,Please input the Application Name and Build Version in the Summary field.,,,,,Don't Know,,,,,,,,,,,,,,,,,,,,,,,,,,,Backlog,,,,liualg,,,,,,,,,,,,,,,
PMID_34083451,SPDC-420,298712,Epic,Open,SPDC,SeroNet Public Data Curation,software,hopeda,,,Major,,liualg,liualg,liualg,"Thursday, 16 Sep 2021 10:46 AM","Thursday, 16 Sep 2021 11:27 AM","Friday, 17 Sep 2021 03:01 PM",,,0,CA261277,Lipsitch,PMID_34083451,"Title: Estimating epidemiologic dynamics from cross-sectional viral load distributions.

Journal: Science (New York, N.Y.)

[https://nih.app.box.com/folder/145730303076] 

 

 ",,liualg,,,,,,,,,,,,,,,,,,,,,,,,,You must attach a clean AppScan report,,,,,,,,,,,,,,,,,,,,,,Not Determined,,,,,,,,,,,,,,,,,,,,,,,,,,,,,,,,woodpm,,,,,,,No,,ghx-label-11,,,PMID_34083451,,To Do,,,,,,,,,,,,9223372036854775807,,woodpm,,,,,,,,,,,,,,,,,,,,,,,,,,,,,,,,,,,,,,,,,,,,,,,,,,,,liualg(JIRAUSER57909),,,,,,,,,,,,,,,,,alkisbd,,,,,,,,,"1|i0dac4:",9223372036854775807,"1|i0lld3:",9223372036854775807,,,,,,Pending Request [new or on hold request],,,,,,,,,,,,,,,,,,0.0,,,,,,,,,,,,,,,,,,,,,Don't Know,,,,,,,,,,,,,,,Please input the Application Name and Build Version in the Summary field.,,,,,Don't Know,,,,,,,,,,,,,,,,,,,,,,,,,,,Backlog,,,,liualg,,,,,,,,,,,,,,,
PMID_34250512,SPDC-279,296669,Epic,Open,SPDC,SeroNet Public Data Curation,software,hopeda,,,Minor,,liualg,rubensteinjl,rubensteinjl,"Monday, 16 Aug 2021 03:08 PM","Friday, 17 Sep 2021 09:58 AM","Friday, 17 Sep 2021 10:07 AM",,,0,CA260563,PMID_34250512,Sanz,"Title:  Longitudinal analysis shows durable and broad immune memory after SARS-CoV-2 infection with persisting antibody responses and memory B and T cells

Journal:  Cell Rep Med

Link:  [https://nih.box.com/s/3nbe2nthoojumyauzl7pt0k1uo4ecrd9]

 ",,rubensteinjl,,,,,,,,,,,,,,,,,,,,,,,,,You must attach a clean AppScan report,,,,,,,,,,,,,,,,,,,,,,Not Determined,,,,,,,,,,,,,,,,,,,,,,,,,,,,,,,,woodpm,,,,,,,No,,ghx-label-14,,,PMID_34250512,,To Do,,,,,,,,,,,,9223372036854775807,,woodpm,,,,,,,,,,,,,,,,,,,,,,,,,,,,,,,,,,,,,,,,,,,,,,,,,,,,liualg(JIRAUSER57909),rubensteinjl(rubensteinjl),,,,,,,,,,,,,,,,alkisbd,,,,,,,,,"1|i0cztw:",9223372036854775807,"1|i0l9qf:",9223372036854775807,,,,,,Pending Request [new or on hold request],,,,,,,,,,,,,,,,,,0.0,,,,,,,,,,,,,,,,,,,,,Don't Know,,,,,,,,,,,,,,,Please input the Application Name and Build Version in the Summary field.,,,,,Don't Know,,,,,,,,,,,,,,,,,,,,,,,,,,,Backlog,,,,rubensteinjl,,,,,,,,,,,,,,,
PMID_33720347,SPDC-267,296655,Epic,Open,SPDC,SeroNet Public Data Curation,software,hopeda,,,Minor,,liualg,rubensteinjl,rubensteinjl,"Monday, 16 Aug 2021 02:55 PM","Friday, 10 Sep 2021 10:08 AM","Friday, 17 Sep 2021 10:07 AM",,,0,Boyd,CA260517,PMID_33720347,"Title:  Case-Control Study of Individuals with Discrepant Nucleocapsid and Spike Protein SARS-CoV-2 IgG Results

Journal:  Clinical Chemistry

Link:  [https://nih.box.com/s/oixud1dx0m8inuk1pmrumjlc3n8ud7fq]

 ",,rubensteinjl,,,,,,,,,,,,,,,,,,,,,,,,,You must attach a clean AppScan report,,,,,,,,,,,,,,,,,,,,,,Not Determined,,,,,,,,,,,,,,,,,,,,,,,,,,,,,,,,woodpm,,,,,,,No,,ghx-label-8,,,PMID_33720347,,To Do,,,,,,,,,,,,9223372036854775807,,woodpm,,,,,,,,,,,,,,,,,,,,,,,,,,,,,,,,,,,,,,,,,,,,,,,,,,,,liualg(JIRAUSER57909),rubensteinjl(rubensteinjl),,,,,,,,,,,,,,,,alkisbd,,,,,,,,,"1|i0czqs:",9223372036854775807,"1|i0l9nb:",9223372036854775807,,,,,,Pending Request [new or on hold request],,,,,,,,,,,,,,,,,,0.0,,,,,,,,,,,,,,,,,,,,,Don't Know,,,,,,,,,,,,,,,Please input the Application Name and Build Version in the Summary field.,,,,,Don't Know,,,,,,,,,,,,,,,,,,,,,,,,,,,Backlog,,,,rubensteinjl,,,,,,,,,,,,,,,
PMID_34095338,SPDC-217,295592,Epic,Open,SPDC,SeroNet Public Data Curation,software,hopeda,,,Minor,,liualg,rubensteinjl,rubensteinjl,"Monday, 2 Aug 2021 12:49 PM","Friday, 17 Sep 2021 10:06 AM","Friday, 17 Sep 2021 10:06 AM",,,0,CA260492,Klein,PMID_34095338,"Title:  Delayed Rise of Oral Fluid Antibodies, Elevated BMI, and Absence of Early Fever Correlate With Longer Time to SARS-CoV-2 RNA Clearance in a Longitudinally Sampled Cohort of COVID-19 Outpatients.

Journal:  Open forum infectious diseases

Link:  [https://nih.box.com/s/j5f1kse8hkyju1cztsxfyklmxgvlguuj]

 ",,rubensteinjl,,,,,,,,,,,,,,,,,,,,,,,,,You must attach a clean AppScan report,,,,,,,,,,,,,,,,,,,,,,Not Determined,,,,,,,,,,,,,,,,,,,,,,,,,,,,,,,,woodpm,,,,,,,No,,ghx-label-11,,,PMID_34095338,,To Do,,,,,,,,,,,,9223372036854775807,,woodpm,,,,,,,,,,,,,,,,,,,,,,,,,,,,,,,,,,,,,,,,,,,,,,,,,,,,liualg(JIRAUSER57909),rubensteinjl(rubensteinjl),,,,,,,,,,,,,,,,alkisbd,,,,,,,,,"1|i0ctsk:",9223372036854775807,"1|i0l347:",9223372036854775807,,,,,,Pending Request [new or on hold request],,,,,,,,,,,,,,,,,,0.0,,,,,,,,,,,,,,,,,,,,,Don't Know,,,,,,,,,,,,,,,Please input the Application Name and Build Version in the Summary field.,,,,,Don't Know,,,,,,,,,,,,,,,,,,,,,,,,,,,Backlog,,,,rubensteinjl,,,,,,,,,,,,,,,
PMID_33932848,SPDC-181,295552,Epic,Open,SPDC,SeroNet Public Data Curation,software,hopeda,,,Minor,,liualg,rubensteinjl,rubensteinjl,"Monday, 2 Aug 2021 12:01 PM","Friday, 17 Sep 2021 10:06 AM","Friday, 17 Sep 2021 10:06 AM",,,0,Boyd,CA260517,PMID_33932848,"Title: Evaluation of SARS-CoV-2 total antibody detection via a lateral flow nanoparticle fluorescence immunoassay.

Journal:  Journal of clinical virology : the official publication of the Pan American Society for Clinical Virology

Link:  [https://nih.box.com/s/owv21t0h9tafkgoeqw553wk9kvtgfkxw]

 ",,rubensteinjl,,,,,,,,,,,,,,,,,,,,,,,,,You must attach a clean AppScan report,,,,,,,,,,,,,,,,,,,,,,Not Determined,,,,,,,,,,,,,,,,,,,,,,,,,,,,,,,,woodpm,,,,,,,No,,ghx-label-3,,,PMID_33932848,,To Do,,,,,,,,,,,,9223372036854775807,,woodpm,,,,,,,,,,,,,,,,,,,,,,,,,,,,,,,,,,,,,,,,,,,,,,,,,,,,liualg(JIRAUSER57909),rubensteinjl(rubensteinjl),,,,,,,,,,,,,,,,alkisbd,,,,,,,,,"1|i0ctjo:",9223372036854775807,"1|i0l2vb:",9223372036854775807,,,,,,Pending Request [new or on hold request],,,,,,,,,,,,,,,,,,0.0,,,,,,,,,,,,,,,,,,,,,Don't Know,,,,,,,,,,,,,,,Please input the Application Name and Build Version in the Summary field.,,,,,Don't Know,,,,,,,,,,,,,,,,,,,,,,,,,,,Backlog,,,,rubensteinjl,,,,,,,,,,,,,,,
PMID_33915337,SPDC-177,295547,Epic,Open,SPDC,SeroNet Public Data Curation,software,hopeda,,,Minor,,liualg,rubensteinjl,rubensteinjl,"Monday, 2 Aug 2021 11:51 AM","Friday, 17 Sep 2021 10:05 AM","Friday, 17 Sep 2021 10:05 AM",,,0,Boyd,CA260517,PMID_33915337,"Title:  Increased viral variants in children and young adults with impaired humoral immunity and persistent SARS-CoV-2 infection: A consecutive case series.

Journal:  EBioMedicine

Link:  [https://nih.box.com/s/za7w0xhukrhcq43s5xq3v5aepvyom60h]

 ",,rubensteinjl,,,,,,,,,,,,,,,,,,,,,,,,,You must attach a clean AppScan report,,,,,,,,,,,,,,,,,,,,,,Not Determined,,,,,,,,,,,,,,,,,,,,,,,,,,,,,,,,woodpm,,,,,,,No,,ghx-label-1,,,PMID_33915337,,To Do,,,,,,,,,,,,9223372036854775807,,woodpm,,,,,,,,,,,,,,,,,,,,,,,,,,,,,,,,,,,,,,,,,,,,,,,,,,,,liualg(JIRAUSER57909),rubensteinjl(rubensteinjl),,,,,,,,,,,,,,,,alkisbd,,,,,,,,,"1|i0ctik:",9223372036854775807,"1|i0l2u7:",9223372036854775807,,,,,,Pending Request [new or on hold request],,,,,,,,,,,,,,,,,,0.0,,,,,,,,,,,,,,,,,,,,,Don't Know,,,,,,,,,,,,,,,Please input the Application Name and Build Version in the Summary field.,,,,,Don't Know,,,,,,,,,,,,,,,,,,,,,,,,,,,Backlog,,,,rubensteinjl,,,,,,,,,,,,,,,
PMID_33846272,SPDC-173,295543,Epic,Open,SPDC,SeroNet Public Data Curation,software,hopeda,,,Minor,,liualg,rubensteinjl,rubensteinjl,"Monday, 2 Aug 2021 11:42 AM","Friday, 17 Sep 2021 10:05 AM","Friday, 17 Sep 2021 10:05 AM",,,0,Boyd,CA260517,PMID_33846272,"Title:  Shared B cell memory to coronaviruses and other pathogens varies in human age groups and tissues.

Journal:  Science (New York, N.Y.)

Link:  [https://nih.box.com/s/hj15l95empt1oc54g06xofd7ddttvizh]

 ",,rubensteinjl,,,,,,,,,,,,,,,,,,,,,,,,,You must attach a clean AppScan report,,,,,,,,,,,,,,,,,,,,,,Not Determined,,,,,,,,,,,,,,,,,,,,,,,,,,,,,,,,woodpm,,,,,,,No,,ghx-label-13,,,PMID_33846272,,To Do,,,,,,,,,,,,9223372036854775807,,woodpm,,,,,,,,,,,,,,,,,,,,,,,,,,,,,,,,,,,,,,,,,,,,,,,,,,,,liualg(JIRAUSER57909),rubensteinjl(rubensteinjl),,,,,,,,,,,,,,,,alkisbd,,,,,,,,,"1|i0ctho:",9223372036854775807,"1|i0l2tb:",9223372036854775807,,,,,,Pending Request [new or on hold request],,,,,,,,,,,,,,,,,,0.0,,,,,,,,,,,,,,,,,,,,,Don't Know,,,,,,,,,,,,,,,Please input the Application Name and Build Version in the Summary field.,,,,,Don't Know,,,,,,,,,,,,,,,,,,,,,,,,,,,Backlog,,,,rubensteinjl,,,,,,,,,,,,,,,
PMID_33830946,SPDC-169,295538,Epic,Open,SPDC,SeroNet Public Data Curation,software,hopeda,,,Minor,,liualg,rubensteinjl,rubensteinjl,"Monday, 2 Aug 2021 11:37 AM","Friday, 17 Sep 2021 10:04 AM","Friday, 17 Sep 2021 10:04 AM",,,0,CA260492,Klein,PMID_33830946,"Title:  Functional characterization of CD4+ T cell receptors crossreactive for SARS-CoV-2 and endemic coronaviruses.

Journal:  The Journal of clinical investigation

Link:  [https://nih.box.com/s/82g2wdazt8o698pzis6tw8t03kb81sjt]

 ",,rubensteinjl,,,,,,,,,,,,,,,,,,,,,,,,,You must attach a clean AppScan report,,,,,,,,,,,,,,,,,,,,,,Not Determined,,,,,,,,,,,,,,,,,,,,,,,,,,,,,,,,woodpm,,,,,,,No,,ghx-label-11,,,PMID_33830946,,To Do,,,,,,,,,,,,9223372036854775807,,woodpm,,,,,,,,,,,,,,,,,,,,,,,,,,,,,,,,,,,,,,,,,,,,,,,,,,,,liualg(JIRAUSER57909),rubensteinjl(rubensteinjl),,,,,,,,,,,,,,,,alkisbd,,,,,,,,,"1|i0ctgk:",9223372036854775807,"1|i0l2s7:",9223372036854775807,,,,,,Pending Request [new or on hold request],,,,,,,,,,,,,,,,,,0.0,,,,,,,,,,,,,,,,,,,,,Don't Know,,,,,,,,,,,,,,,Please input the Application Name and Build Version in the Summary field.,,,,,Don't Know,,,,,,,,,,,,,,,,,,,,,,,,,,,Backlog,,,,rubensteinjl,,,,,,,,,,,,,,,
PMID_33775692,SPDC-161,295530,Epic,Open,SPDC,SeroNet Public Data Curation,software,hopeda,,,Minor,,liualg,rubensteinjl,rubensteinjl,"Monday, 2 Aug 2021 11:27 AM","Friday, 17 Sep 2021 10:04 AM","Friday, 17 Sep 2021 10:04 AM",,,0,Barouch,CA260476,PMID_33775692,"Title:  Coronavirus disease 2019 vaccine response in pregnant and lactating women: a cohort study.

Journal:  Nature immunology

Link:  [https://nih.box.com/s/6ap686l5912t090yda1ec0earn08b7yq]

 ",,rubensteinjl,,,,,,,,,,,,,,,,,,,,,,,,,You must attach a clean AppScan report,,,,,,,,,,,,,,,,,,,,,,Not Determined,,,,,,,,,,,,,,,,,,,,,,,,,,,,,,,,woodpm,,,,,,,No,,ghx-label-7,,,PMID_33775692,,To Do,,,,,,,,,,,,9223372036854775807,,woodpm,,,,,,,,,,,,,,,,,,,,,,,,,,,,,,,,,,,,,,,,,,,,,,,,,,,,liualg(JIRAUSER57909),rubensteinjl(rubensteinjl),,,,,,,,,,,,,,,,alkisbd,,,,,,,,,"1|i0ctes:",9223372036854775807,"1|i0l2qf:",9223372036854775807,,,,,,Pending Request [new or on hold request],,,,,,,,,,,,,,,,,,0.0,,,,,,,,,,,,,,,,,,,,,Don't Know,,,,,,,,,,,,,,,Please input the Application Name and Build Version in the Summary field.,,,,,Don't Know,,,,,,,,,,,,,,,,,,,,,,,,,,,Backlog,,,,rubensteinjl,,,,,,,,,,,,,,,
PMID_33743211,SPDC-157,295526,Epic,Open,SPDC,SeroNet Public Data Curation,software,hopeda,,,Minor,,liualg,rubensteinjl,rubensteinjl,"Monday, 2 Aug 2021 11:22 AM","Friday, 17 Sep 2021 10:03 AM","Friday, 17 Sep 2021 10:04 AM",,,0,Boyd,CA260517,PMID_33743211,"Title:  Discovery and functional interrogation of SARS-CoV-2 RNA-host protein interactions.

Journal:  Cell

Link:  [https://nih.box.com/s/3thgfimvuglmhe3bkjvod2cl5o1783cd]

 ",,rubensteinjl,,,,,,,,,,,,,,,,,,,,,,,,,You must attach a clean AppScan report,,,,,,,,,,,,,,,,,,,,,,Not Determined,,,,,,,,,,,,,,,,,,,,,,,,,,,,,,,,woodpm,,,,,,,No,,ghx-label-5,,,PMID_33743211,,To Do,,,,,,,,,,,,9223372036854775807,,woodpm,,,,,,,,,,,,,,,,,,,,,,,,,,,,,,,,,,,,,,,,,,,,,,,,,,,,liualg(JIRAUSER57909),rubensteinjl(rubensteinjl),,,,,,,,,,,,,,,,alkisbd,,,,,,,,,"1|i0ctdw:",9223372036854775807,"1|i0l2pj:",9223372036854775807,,,,,,Pending Request [new or on hold request],,,,,,,,,,,,,,,,,,0.0,,,,,,,,,,,,,,,,,,,,,Don't Know,,,,,,,,,,,,,,,Please input the Application Name and Build Version in the Summary field.,,,,,Don't Know,,,,,,,,,,,,,,,,,,,,,,,,,,,Backlog,,,,rubensteinjl,,,,,,,,,,,,,,,
PMID_33602725,SPDC-133,295499,Epic,Open,SPDC,SeroNet Public Data Curation,software,hopeda,,,Major,,liualg,rubensteinjl,rubensteinjl,"Monday, 2 Aug 2021 11:02 AM","Friday, 17 Sep 2021 10:02 AM","Friday, 17 Sep 2021 10:08 AM",,,0,CA260591,Cheng,PMID_33602725,"Title:  Pseudo-safety in a cohort of patients with COVID-19 discharged home from the emergency department.

Journal:  Emergency medicine journal : EMJ

Link:  [https://nih.box.com/s/4i8oqiplw3lzoj6yg6hfgcfkxac7m08t]

 ",,rubensteinjl,,,,,,,,,,,,,,,,,,,,,,,,,You must attach a clean AppScan report,,,,,,,,,,,,,,,,,,,,,,Not Determined,,,,,,,,,,,,,,,,,,,,,,,,,,,,,,,,woodpm,,,,,,,No,,ghx-label-7,,,PMID_33602725,,To Do,,,,,,,,,,,,9223372036854775807,,woodpm,,,,,,,,,,,,,,,,,,,,,,,,,,,,,,,,,,,,,,,,,,,,,,,,,,,,liualg(JIRAUSER57909),rubensteinjl(rubensteinjl),,,,,,,,,,,,,,,,alkisbd,,,,,,,,,"1|i0ct7w:",9223372036854775807,"1|i0l2jj:",9223372036854775807,,,,,,Pending Request [new or on hold request],,,,,,,,,,,,,,,,,,0.0,,,,,,,,,,,,,,,,,,,,,Don't Know,,,,,,,,,,,,,,,Please input the Application Name and Build Version in the Summary field.,,,,,Don't Know,,,,,,,,,,,,,,,,,,,,,,,,,,,Backlog,,,,rubensteinjl,,,,,,,,,,,,,,,
PMID_33589825,SPDC-129,295494,Epic,Open,SPDC,SeroNet Public Data Curation,software,hopeda,,,Minor,,liualg,rubensteinjl,rubensteinjl,"Monday, 2 Aug 2021 10:59 AM","Friday, 17 Sep 2021 10:02 AM","Friday, 17 Sep 2021 10:02 AM",,,0,Barouch,CA260476,PMID_33589825,"Title:  Humoral signatures of protective and pathological SARS-CoV-2 infection in children

Journal:  Nature Medicine

Link:  [https://nih.box.com/s/jdau8jzwnzmfiwmgxolll9b3dn2g9de6]

ImmPort Study: SDY1787

 ",,hopeda,rubensteinjl,,,,,,,,,,,,,,,,,,,,,,,,You must attach a clean AppScan report,,,,,,,,,,,,,,,,,,,,,,Not Determined,,,,,,,,,,,,,,,,,,,,,,,,,,,,,,,,woodpm,,,,,,,No,,ghx-label-5,,,PMID_33589825,,To Do,,,,,,,,,,,,9223372036854775807,,woodpm,,,,,,,,,,,,,,,,,,,,,,,,,,,,,,,,,,,,,,,,,,,,,,,,,,,,liualg(JIRAUSER57909),rubensteinjl(rubensteinjl),,,,,,,,,,,,,,,,alkisbd,,,,,,,,,"1|i0ct6s:",9223372036854775807,"1|i0l2if:",9223372036854775807,,,,,,Pending Request [new or on hold request],,,,,,,,,,,,,,,,,,0.0,,,,,,,,,,,,,,,,,,,,,Don't Know,,,,,,,,,,,,,,,Please input the Application Name and Build Version in the Summary field.,,,,,Don't Know,,,,,,,,,,,,,,,,,,,,,,,,,,,Backlog,,,,hopeda,rubensteinjl,,,,,,,,,,,,,,
PMID_33589636,SPDC-125,295488,Epic,Open,SPDC,SeroNet Public Data Curation,software,hopeda,,,Minor,,liualg,rubensteinjl,rubensteinjl,"Monday, 2 Aug 2021 10:55 AM","Friday, 17 Sep 2021 10:01 AM","Friday, 17 Sep 2021 10:01 AM",,,0,Barouch,CA260476,PMID_33589636,"Title:  Discrete SARS-CoV-2 antibody titers track with functional humoral stability.

Journal:  Nature Communications

Link:  [https://nih.box.com/s/ljjl57qfk7xhbckiwn5lo7mdz2l75f1h]

 

 ",,rubensteinjl,,,,,,,,,,,,,,,,,,,,,,,,,You must attach a clean AppScan report,,,,,,,,,,,,,,,,,,,,,,Not Determined,,,,,,,,,,,,,,,,,,,,,,,,,,,,,,,,woodpm,,,,,,,No,,ghx-label-3,,,PMID_33589636,,To Do,,,,,,,,,,,,9223372036854775807,,woodpm,,,,,,,,,,,,,,,,,,,,,,,,,,,,,,,,,,,,,,,,,,,,,,,,,,,,liualg(JIRAUSER57909),rubensteinjl(rubensteinjl),,,,,,,,,,,,,,,,alkisbd,,,,,,,,,"1|i0ct5o:",9223372036854775807,"1|i0l2h3:",9223372036854775807,,,,,,Pending Request [new or on hold request],,,,,,,,,,,,,,,,,,0.0,,,,,,,,,,,,,,,,,,,,,Don't Know,,,,,,,,,,,,,,,Please input the Application Name and Build Version in the Summary field.,,,,,Don't Know,,,,,,,,,,,,,,,,,,,,,,,,,,,Backlog,,,,rubensteinjl,,,,,,,,,,,,,,,
PMID_33579769,SPDC-121,295479,Epic,Open,SPDC,SeroNet Public Data Curation,software,hopeda,,,Major,,liualg,rubensteinjl,rubensteinjl,"Monday, 2 Aug 2021 10:47 AM","Friday, 17 Sep 2021 10:01 AM","Friday, 17 Sep 2021 10:01 AM",,,0,CA260591,Cheng,PMID_33579769,"Title:  Seroprevalence of antibodies to SARS-CoV-2 in healthcare workers: a cross-sectional study.

Journal:  BMJ Open

Link:  [https://nih.box.com/s/41bkhywlf5rjf967wlhaz8ae9o578hg3]

 ",,rubensteinjl,,,,,,,,,,,,,,,,,,,,,,,,,You must attach a clean AppScan report,,,,,,,,,,,,,,,,,,,,,,Not Determined,,,,,,,,,,,,,,,,,,,,,,,,,,,,,,,,woodpm,,,,,,,No,,ghx-label-1,,,PMID_33579769,,To Do,,,,,,,,,,,,9223372036854775807,,woodpm,,,,,,,,,,,,,,,,,,,,,,,,,,,,,,,,,,,,,,,,,,,,,,,,,,,,liualg(JIRAUSER57909),rubensteinjl(rubensteinjl),,,,,,,,,,,,,,,,alkisbd,,,,,,,,,"1|i0ct3o:",9223372036854775807,"1|i0l2f3:",9223372036854775807,,,,,,Pending Request [new or on hold request],,,,,,,,,,,,,,,,,,0.0,,,,,,,,,,,,,,,,,,,,,Don't Know,,,,,,,,,,,,,,,Please input the Application Name and Build Version in the Summary field.,,,,,Don't Know,,,,,,,,,,,,,,,,,,,,,,,,,,,Backlog,,,,rubensteinjl,,,,,,,,,,,,,,,
PMID_33476549,SPDC-93,295277,Epic,Open,SPDC,SeroNet Public Data Curation,software,hopeda,,,Minor,,liualg,rubensteinjl,rubensteinjl,"Thursday, 29 Jul 2021 01:59 PM","Friday, 17 Sep 2021 10:01 AM","Friday, 17 Sep 2021 10:01 AM",,,0,Barouch,CA260476,PMID_33476549,"Title:  Compromised SARS-CoV-2-specific placental antibody transfer.

Journal:  Cell

Link:  [https://nih.box.com/s/ayratb7oc9cehcxyk0o95p79v18rpuhw]

 ",,rubensteinjl,,,,,,,,,,,,,,,,,,,,,,,,,You must attach a clean AppScan report,,,,,,,,,,,,,,,,,,,,,,Not Determined,,,,,,,,,,,,,,,,,,,,,,,,,,,,,,,,woodpm,,,,,,,No,,ghx-label-9,,,PMID_33476549,,To Do,,,,,,,,,,,,9223372036854775807,,woodpm,,,,,,,,,,,,,,,,,,,,,,,,,,,,,,,,,,,,,,,,,,,,,,,,,,,,liualg(JIRAUSER57909),rubensteinjl(rubensteinjl),,,,,,,,,,,,,,,,alkisbd,,,,,,,,,"1|i0crws:",9223372036854775807,"1|i0l167:",9223372036854775807,,,,,,Pending Request [new or on hold request],,,,,,,,,,,,,,,,,,0.0,,,,,,,,,,,,,,,,,,,,,Don't Know,,,,,,,,,,,,,,,Please input the Application Name and Build Version in the Summary field.,,,,,Don't Know,,,,,,,,,,,,,,,,,,,,,,,,,,,Backlog,,,,rubensteinjl,,,,,,,,,,,,,,,
PMID_33427208,SPDC-81,295253,Epic,Open,SPDC,SeroNet Public Data Curation,software,hopeda,,,Minor,,liualg,rubensteinjl,rubensteinjl,"Thursday, 29 Jul 2021 01:08 PM","Friday, 17 Sep 2021 10:01 AM","Friday, 17 Sep 2021 10:01 AM",,,0,Barouch,CA260476,PMID_33427208,"Title:  Dissecting strategies to tune the therapeutic potential of SARS-CoV-2-specific monoclonal antibody CR3022

Journal:  JCI insight

Link:  [https://nih.box.com/s/0o9khlwv8ye317l7u3ezd77sva88ffdp]

 ",,rubensteinjl,,,,,,,,,,,,,,,,,,,,,,,,,You must attach a clean AppScan report,,,,,,,,,,,,,,,,,,,,,,Not Determined,,,,,,,,,,,,,,,,,,,,,,,,,,,,,,,,woodpm,,,,,,,No,,ghx-label-9,,,PMID_33427208,,To Do,,,,,,,,,,,,9223372036854775807,,woodpm,,,,,,,,,,,,,,,,,,,,,,,,,,,,,,,,,,,,,,,,,,,,,,,,,,,,liualg(JIRAUSER57909),rubensteinjl(rubensteinjl),,,,,,,,,,,,,,,,alkisbd,,,,,,,,,"1|i0crro:",9223372036854775807,"1|i0l10v:",9223372036854775807,,,,,,Pending Request [new or on hold request],,,,,,,,,,,,,,,,,,0.0,,,,,,,,,,,,,,,,,,,,,Don't Know,,,,,,,,,,,,,,,Please input the Application Name and Build Version in the Summary field.,,,,,Don't Know,,,,,,,,,,,,,,,,,,,,,,,,,,,Backlog,,,,rubensteinjl,,,,,,,,,,,,,,,
PMID_33288645,SPDC-73,295219,Epic,Open,SPDC,SeroNet Public Data Curation,software,hopeda,,,Minor,,liualg,rubensteinjl,rubensteinjl,"Thursday, 29 Jul 2021 11:08 AM","Friday, 17 Sep 2021 10:01 AM","Friday, 17 Sep 2021 10:01 AM",,,0,Boyd,CA260517,PMID_33288645,"Title:  Defining the features and duration of antibody responses to SARS-CoV-2 infection associated with disease severity and outcome

Journal:  Science Immunology

Link:  [https://nih.box.com/s/l8ww3bpdqkqy8elsa1lbhjxemad8swtm]

 ",,rubensteinjl,,,,,,,,,,,,,,,,,,,,,,,,,You must attach a clean AppScan report,,,,,,,,,,,,,,,,,,,,,,Not Determined,,,,,,,,,,,,,,,,,,,,,,,,,,,,,,,,woodpm,,,,,,,No,,ghx-label-11,,,PMID_33288645,,To Do,,,,,,,,,,,,9223372036854775807,,woodpm,,,,,,,,,,,,,,,,,,,,,,,,,,,,,,,,,,,,,,,,,,,,,,,,,,,,liualg(JIRAUSER57909),rubensteinjl(rubensteinjl),,,,,,,,,,,,,,,,alkisbd,,,,,,,,,"1|i0crk4:",9223372036854775807,"1|i0l0tb:",9223372036854775807,,,,,,Pending Request [new or on hold request],,,,,,,,,,,,,,,,,,0.0,,,,,,,,,,,,,,,,,,,,,Don't Know,,,,,,,,,,,,,,,Please input the Application Name and Build Version in the Summary field.,,,,,Don't Know,,,,,,,,,,,,,,,,,,,,,,,,,,,Backlog,,,,rubensteinjl,,,,,,,,,,,,,,,
PMID_33211672,SPDC-65,295204,Epic,Open,SPDC,SeroNet Public Data Curation,software,hopeda,,,Major,,liualg,rubensteinjl,rubensteinjl,"Thursday, 29 Jul 2021 10:48 AM","Friday, 17 Sep 2021 10:00 AM","Friday, 17 Sep 2021 10:00 AM",,,0,CA260591,Cheng,PMID_33211672,"Title:  BCG vaccination history associates with decreased SARS-CoV-2 seroprevalence across a diverse cohort of health care workers

Journal:  The Journal of Clinical Investigation

Link: [https://nih.box.com/s/w8r7tcnjbpofhiyebx9dyv6igaemnobg]

 ",,rubensteinjl,,,,,,,,,,,,,,,,,,,,,,,,,You must attach a clean AppScan report,,,,,,,,,,,,,,,,,,,,,,Not Determined,,,,,,,,,,,,,,,,,,,,,,,,,,,,,,,,woodpm,,,,,,,No,,ghx-label-7,,,PMID_33211672,,To Do,,,,,,,,,,,,9223372036854775807,,woodpm,,,,,,,,,,,,,,,,,,,,,,,,,,,,,,,,,,,,,,,,,,,,,,,,,,,,liualg(JIRAUSER57909),rubensteinjl(rubensteinjl),,,,,,,,,,,,,,,,alkisbd,,,,,,,,,"1|i0crh0:",9223372036854775807,"1|i0l0pz:",9223372036854775807,,,,,,Pending Request [new or on hold request],,,,,,,,,,,,,,,,,,0.0,,,,,,,,,,,,,,,,,,,,,Don't Know,,,,,,,,,,,,,,,Please input the Application Name and Build Version in the Summary field.,,,,,Don't Know,,,,,,,,,,,,,,,,,,,,,,,,,,,Backlog,,,,rubensteinjl,,,,,,,,,,,,,,,
PMID_33207184,SPDC-61,295200,Epic,Open,SPDC,SeroNet Public Data Curation,software,hopeda,,,Minor,,liualg,rubensteinjl,rubensteinjl,"Thursday, 29 Jul 2021 10:42 AM","Friday, 17 Sep 2021 10:00 AM","Friday, 17 Sep 2021 10:00 AM",,,0,Barouch,CA260476,PMID_33207184,"Title:  Compromised Humoral Functional Evolution Tracks with SARS-CoV-2 Mortality

Journal:  Cell

Link:  [https://nih.box.com/s/gw7qz2k4a5aiypgahcbndcg43lbhc1v1]

 ",,rubensteinjl,,,,,,,,,,,,,,,,,,,,,,,,,You must attach a clean AppScan report,,,,,,,,,,,,,,,,,,,,,,Not Determined,,,,,,,,,,,,,,,,,,,,,,,,,,,,,,,,woodpm,,,,,,,No,,ghx-label-5,,,PMID_33207184,,To Do,,,,,,,,,,,,9223372036854775807,,woodpm,,,,,,,,,,,,,,,,,,,,,,,,,,,,,,,,,,,,,,,,,,,,,,,,,,,,liualg(JIRAUSER57909),rubensteinjl(rubensteinjl),,,,,,,,,,,,,,,,alkisbd,,,,,,,,,"1|i0crg4:",9223372036854775807,"1|i0l0p3:",9223372036854775807,,,,,,Pending Request [new or on hold request],,,,,,,,,,,,,,,,,,0.0,,,,,,,,,,,,,,,,,,,,,Don't Know,,,,,,,,,,,,,,,Please input the Application Name and Build Version in the Summary field.,,,,,Don't Know,,,,,,,,,,,,,,,,,,,,,,,,,,,Backlog,,,,rubensteinjl,,,,,,,,,,,,,,,
PMID_32941787,SPDC-57,295196,Epic,Open,SPDC,SeroNet Public Data Curation,software,hopeda,,,Minor,,liualg,rubensteinjl,rubensteinjl,"Thursday, 29 Jul 2021 10:36 AM","Friday, 17 Sep 2021 10:00 AM","Friday, 17 Sep 2021 10:00 AM",,,0,Boyd,CA260517,PMID_32941787,"Title:  Human B Cell Clonal Expansion and Convergent Antibody Responses to SARS-CoV-2

Journal:  Cell host & microbe

Link:  [https://nih.box.com/s/8a1kurn2yun6v3tjgyamdb8gga815i8e]

 ",,rubensteinjl,,,,,,,,,,,,,,,,,,,,,,,,,You must attach a clean AppScan report,,,,,,,,,,,,,,,,,,,,,,Not Determined,,,,,,,,,,,,,,,,,,,,,,,,,,,,,,,,woodpm,,,,,,,No,,ghx-label-3,,,PMID_32941787,,To Do,,,,,,,,,,,,9223372036854775807,,woodpm,,,,,,,,,,,,,,,,,,,,,,,,,,,,,,,,,,,,,,,,,,,,,,,,,,,,liualg(JIRAUSER57909),rubensteinjl(rubensteinjl),,,,,,,,,,,,,,,,alkisbd,,,,,,,,,"1|i0crf8:",9223372036854775807,"1|i0l0o7:",9223372036854775807,,,,,,Pending Request [new or on hold request],,,,,,,,,,,,,,,,,,0.0,,,,,,,,,,,,,,,,,,,,,Don't Know,,,,,,,,,,,,,,,Please input the Application Name and Build Version in the Summary field.,,,,,Don't Know,,,,,,,,,,,,,,,,,,,,,,,,,,,Backlog,,,,rubensteinjl,,,,,,,,,,,,,,,
PMID_33169014,SPDC-49,295115,Epic,Open,SPDC,SeroNet Public Data Curation,software,hopeda,,,Minor,,liualg,rubensteinjl,rubensteinjl,"Wednesday, 28 Jul 2021 02:06 PM","Friday, 17 Sep 2021 10:00 AM","Friday, 17 Sep 2021 10:00 AM",,,0,Boyd,CA260517,PMID_33169014,"Title:  Proinflammatory IgG Fc structures in patients with severe COVID-19.

Journal:  Nature Immunology

Link:  [https://nih.box.com/s/hu2fp4w5i9eqpidbd1q7rv55g831v7ey]

 ",,rubensteinjl,,,,,,,,,,,,,,,,,,,,,,,,,You must attach a clean AppScan report,,,,,,,,,,,,,,,,,,,,,,Not Determined,,,,,,,,,,,,,,,,,,,,,,,,,,,,,,,,woodpm,,,,,,,No,,ghx-label-9,,,PMID_33169014,,To Do,,,,,,,,,,,,9223372036854775807,,woodpm,,,,,,,,,,,,,,,,,,,,,,,,,,,,,,,,,,,,,,,,,,,,,,,,,,,,liualg(JIRAUSER57909),rubensteinjl(rubensteinjl),,,,,,,,,,,,,,,,alkisbd,,,,,,,,,"1|i0cqzo:",9223372036854775807,"1|i0l067:",9223372036854775807,,,,,,Pending Request [new or on hold request],,,,,,,,,,,,,,,,,,0.0,,,,,,,,,,,,,,,,,,,,,Don't Know,,,,,,,,,,,,,,,Please input the Application Name and Build Version in the Summary field.,,,,,Don't Know,,,,,,,,,,,,,,,,,,,,,,,,,,,Backlog,,,,rubensteinjl,,,,,,,,,,,,,,,
PMID_33160316,SPDC-45,295107,Epic,Open,SPDC,SeroNet Public Data Curation,software,hopeda,,,Major,,liualg,rubensteinjl,rubensteinjl,"Wednesday, 28 Jul 2021 01:20 PM","Friday, 17 Sep 2021 10:00 AM","Friday, 17 Sep 2021 10:00 AM",,,0,CA260591,Cheng,PMID_3310316,"Title:  Efficacy of clinical evaluations for COVID-19 on the front line

Journal:  International journal of emergency medicine

Link:  [https://nih.box.com/s/d4awlwky0hlth31t9r0e6n1isqitorvs]

 ",,rubensteinjl,,,,,,,,,,,,,,,,,,,,,,,,,You must attach a clean AppScan report,,,,,,,,,,,,,,,,,,,,,,Not Determined,,,,,,,,,,,,,,,,,,,,,,,,,,,,,,,,woodpm,,,,,,,No,,ghx-label-7,,,PMID_33160316,,To Do,,,,,,,,,,,,9223372036854775807,,woodpm,,,,,,,,,,,,,,,,,,,,,,,,,,,,,,,,,,,,,,,,,,,,,,,,,,,,liualg(JIRAUSER57909),rubensteinjl(rubensteinjl),,,,,,,,,,,,,,,,alkisbd,,,,,,,,,"1|i0cqy4:",9223372036854775807,"1|i0l04n:",9223372036854775807,,,,,,Pending Request [new or on hold request],,,,,,,,,,,,,,,,,,0.0,,,,,,,,,,,,,,,,,,,,,Don't Know,,,,,,,,,,,,,,,Please input the Application Name and Build Version in the Summary field.,,,,,Don't Know,,,,,,,,,,,,,,,,,,,,,,,,,,,Backlog,,,,rubensteinjl,,,,,,,,,,,,,,,
